id,first_name,last_name,email,gender,ip_address
1,Annadiane,Gerbi,agerbi0@sogou.com,Female,39.63.106.7
2,Morgana,Ateridge,materidge1@jimdo.com,Female,206.148.22.4
3,Arlina,Awin,aawin2@hubpages.com,Female,68.26.186.55
4,Wyn,Iggo,wiggo3@sfgate.com,Male,203.239.211.252
5,Simonette,Scase,sscase4@intel.com,Female,148.247.240.215
6,Roth,Tutchings,rtutchings5@macromedia.com,Male,81.58.209.135
7,Dodi,Tupper,dtupper6@answers.com,Female,66.27.157.246
8,Vita,Geelan,vgeelan7@hatena.ne.jp,Female,146.88.203.25
9,Homere,Sunner,hsunner8@tuttocitta.it,Male,79.235.175.78
10,Delmar,Orrock,dorrock9@a8.net,Male,110.97.2.178
